W-0001|done||touched|0|0
W-0002|done||touched|0|0
W-0003|done||touched|0|0
W-0004|done||touched|0|0
W-0005|done||touched|0|0
W-0006|gated||touched|0|6
W-0007|gated||touched|0|5
W-0008|done||touched|4|2
W-0009|done||touched|0|6
W-0010|gated||touched|0|6
W-0011|gated||touched|0|7
W-0012|done||touched|0|7
W-0013|done||touched|0|7
W-0014|gated||touched|0|7
W-0015|gated||touched|0|8
W-0016|done||touched|0|5
W-0017|gated||touched|0|8
W-0018|done||touched|0|5
W-0019|gated|high|touched|0|0
W-0020|gated||touched|0|6
W-0021|done||touched|0|5
W-0022|done||touched|0|7
W-0023|done||touched|0|7
W-0024|gated|high|touched|0|9
W-0025|gated|medium|touched|0|5
W-0026|done|high|touched|0|7
W-0027|done|medium|touched|0|7
W-0028|done|high|touched|0|5
W-0029|done|medium|touched|0|5
W-0030|gated|high|touched|0|0
W-0031|gated|medium|touched|0|0
W-0032|gated|medium|touched|0|0
W-0033|gated|low|touched|0|0
W-0034|gated|medium|touched|0|0
W-0035|gated|high|touched|0|9
W-0036|gated|high|touched|0|9
W-0037|queued|high|touched|0|9
W-0038|done|medium|touched|0|7
W-0039|gated|high|touched|0|0
W-0040|gated|medium|touched|0|0
W-0041|gated|high|touched|0|0
W-0042|done|medium|touched|0|0
W-0043|done|medium|touched|0|0
W-0044|gated|medium|touched|0|0
W-0045|gated|low|touched|5|1
W-0046|done|high|touched|0|0
W-0047|gated|high|touched|0|0
W-0048|blocked|medium|touched|0|0
W-0049|gated|high|touched|0|0
W-0050|queued|high|touched|0|8
W-0051|gated|high|touched|9|11
W-0052|handoff|critical|touched|0|7
W-0053|gated|high|touched|0|7
W-0054|in-progress|medium|touched|0|7
W-0080|done|low|touched|6|2
W-0081|done|low|touched|0|0
W-0082|done|medium|touched|0|0
W-0090|queued|medium|touched|0|5
W-0091|gated|high|touched|0|9
W-0100|gated|medium|touched|0|0
W-0101|gated|high|touched|0|0
W-0102|done|high|touched|0|0
W-0103|gated|high|touched|0|0
W-0104|queued|medium|touched|0|0
W-0105|queued|medium|none|0|0
W-0106|queued|medium|touched|0|0
W-0107|queued|medium|none|0|0
W-0108|queued|medium|none|0|0
W-0109|queued|medium|none|0|0
W-0110|queued|medium|touched|0|0
W-0111|gated|medium|touched|0|5
W-0112|gated|medium|touched|0|4
W-0113|gated|medium|touched|0|4
W-0114|gated|high|touched|8|1
W-0115|gated|medium|touched|0|5
W-0121|gated|high|touched|0|0
W-0122|gated|high|touched|0|0
W-0125|done|high|touched|0|0
W-0126|gated|medium|touched|0|0
W-0127|queued|medium|touched|0|0
W-0131|queued|medium|touched|0|0
W-0132|gated|high|touched|0|0
W-0133|queued|high|touched|0|0
W-0134|gated|high|touched|0|0
W-0135|gated|high|touched|0|0
W-0136|gated|high|touched|0|0
W-0137|gated|high|touched|0|0
W-0138|queued|high|touched|0|0
W-0139|queued|high|touched|0|0
W-0140|gated|medium|touched|0|0
W-0141|done|medium|touched|0|0
W-0142|queued|medium|touched|0|0
W-0143|gated|medium|touched|0|0
W-0144|queued|high|none|0|0
W-0145|queued|medium|touched|0|0
W-0146|done|low|touched|0|0
W-0151|done|high|touched|0|6
W-0152|queued|medium|touched|0|5
W-0153|queued|medium|touched|0|4
W-0154|gated|critical|touched|8|8
W-0155|queued|high|touched|0|7
W-0156|queued|medium|touched|0|6
W-0157|gated|high|touched|0|5
W-0161|gated|medium|touched|0|0
W-0162|done|low|touched|0|0
W-0171|queued|high|touched|0|0
W-0172|gated|high|touched|0|0
W-0173|gated|high|touched|0|0
W-0174|gated|high|touched|0|0
W-0175|gated|high|touched|0|0
W-0176|gated||touched|0|0
W-0177|gated||touched|0|0
W-0178|queued|medium|touched|0|0
W-0186|gated|high|touched|0|0
W-0187|gated|high|touched|0|0
W-0188|gated|high|touched|0|0
W-0189|gated|medium|touched|0|0
W-0190|done|high|touched|0|0
W-0196|queued|medium|touched|0|0
W-0197|queued|medium|touched|0|0
W-0198|queued|medium|none|0|0
W-0199|queued|medium|none|0|0
W-0200|queued|medium|none|0|0
W-0201|done|medium|touched|0|0
W-0202|done|high|touched|0|0
W-0203|gated|high|touched|0|0
W-0204|done|high|touched|0|0
W-0205|done|low|touched|0|0
W-0206|gated|high|touched|0|0
W-0207|gated|medium|touched|0|0
W-0208|queued|medium|touched|0|0
W-0209|closed_invalid|high|touched|0|0
W-0210|gated|medium|touched|0|0
W-0216|done|high|touched|0|0
W-0217|gated|high|touched|0|0
W-0221|done|low|touched|5|0
W-0222|queued|high|none|0|4
W-0226|queued|high|touched|0|0
W-0227|queued|high|none|0|0
W-0228|gated|high|touched|0|0
W-0236|gated|high|touched|0|0
W-0237|gated|high|touched|0|0
W-0238|gated|high|touched|0|0
W-0239|done|high|touched|0|0
W-0241|done|high|touched|0|0
W-0242|done|high|touched|0|0
W-0243|queued|medium|none|0|0
W-0244|gated|high|touched|0|0
W-0245|done|medium|touched|0|0
W-0251|done|critical|touched|0|0
W-0252|done|high|touched|0|0
W-0254|done|high|none|0|0
W-0255|gated|high|touched|0|0
W-0256|done|high|none|0|0
W-0257|gated|high|touched|0|0
W-0258|queued|medium|none|0|0
W-0259|queued|medium|none|0|0
W-0261|done|critical|touched|8|0
W-0262|done|high|touched|6|0
W-0263|done|high|touched|5|0
W-0264|gated|high|touched|1|3
W-0271|done|high|touched|0|0
W-0272|gated|high|touched|0|0
W-0273|done|medium|touched|0|0
W-0274|gated|high|touched|0|0
W-0275|queued|medium|none|0|0
W-0276|done|low|touched|0|0
W-0277|done|low|touched|0|0
W-0278|gated|high|touched|0|0
W-0279|done|low|touched|3|0
W-0280|queued|medium|none|0|0
W-0311|queued|medium|none|0|0
W-0321|queued|medium|none|0|0
W-0322|gated|high|touched|2|2
W-0323|done|low|touched|0|0
W-0324|queued|medium|touched|0|0
W-0325|done|high|touched|0|0
W-0326|done|high|touched|0|0
W-0327|done|high|touched|0|0
W-0328|done|low|touched|0|0
W-0329|done|medium|touched|0|0
W-0330|queued|medium|none|0|0
W-0331|done|high|touched|0|0
W-0332|done|high|none|0|0
W-0333|gated|high|touched|0|0
W-0334|queued|medium|none|0|0
W-0335|gated|medium|touched|0|0
W-0336|gated|low|touched|0|0
W-0337|queued|medium|none|0|0
W-0338|queued|medium|touched|0|0
W-0339|done|medium|touched|0|0
W-0340|gated|high|touched|0|0
W-0341|done|high|touched|0|0
W-0342|gated|high|touched|0|0
W-0343|done|low|touched|0|0
W-0344|gated|high|touched|0|0
W-0345|done|low|touched|0|0
W-0346|queued|medium|touched|0|0
W-0347|done|critical|touched|0|0
W-0348|done|high|touched|0|0
W-0349|done|medium|touched|0|0
W-0350|gated|high|touched|0|0
W-0351|queued|medium|touched|0|0
W-0361|done|high|touched|0|0
W-0362|closed_duplicate|high|touched|0|0
W-0363|done|high|touched|0|0
W-0364|done|high|touched|0|0
W-0365|done|high|touched|0|0
W-0366|queued|medium|none|0|0
W-0367|queued|medium|none|0|0
W-0368|done|low|touched|0|0
W-0369|queued|medium|none|0|0
W-0370|queued|medium|none|0|0
W-0371|queued|medium|touched|0|0
W-0372|done|low|touched|0|0
W-0373|queued|medium|none|0|0
W-0374|done|low|touched|0|0
W-0375|done|low|touched|0|0
W-0376|queued|medium|none|0|0
W-0381|done|high|touched|0|0
W-0382|done|medium|touched|0|0
W-0383|gated|medium|touched|0|0
W-0384|done|high|touched|0|0
W-0385|queued|medium|none|0|0
W-0391|done|high|touched|6|0
W-0392|queued|medium|touched|0|3
W-0393|done|medium|touched|5|0
W-0394|gated|medium|touched|7|1
W-0395|gated|high|touched|7|1
W-0396|gated|high|touched|5|1
W-0397|done|high|touched|8|0
W-0398|queued|medium|none|0|3
W-0399|gated|medium|touched|8|1
W-0401|gated|high|touched|0|0
W-0411|gated|high|touched|0|0
W-0412|done|high|touched|0|0
W-0413|queued|medium|none|0|0
W-0414|queued|medium|none|0|0
W-0415|closed_invalid|medium|touched|0|0
W-0416|queued|medium|none|0|0
W-0421|done|high|touched|0|0
W-0422|done|medium|touched|0|0
W-0423|done|low|touched|0|0
W-0424|queued|medium|none|0|0
W-0425|done|low|touched|0|0
W-0426|queued|medium|touched|0|0
W-0431|gated|medium|touched|4|1
W-0432|gated|high|touched|1|10
W-0433|gated|medium|touched|4|3
W-0441|done|high|touched|0|0
W-0442|claimed|medium|touched|0|0
W-0443|queued|medium|none|0|0
W-0444|done|medium|touched|0|0
W-0451|gated|high|touched|0|5
W-0452|gated|high|touched|0|5
W-0453|queued|medium|none|0|3
W-0454|done|low|touched|0|3
W-0461|queued|medium|touched|0|0
W-0462|queued|high|none|0|0
W-0463|gated|critical|touched|0|0
W-0464|gated|high|touched|0|0
W-0465|done|medium|touched|0|0
W-0466|done|medium|touched|0|0
W-0467|done|medium|touched|0|0
W-0468|done|low|touched|0|0
W-0469|done|medium|touched|0|0
W-0470|gated|medium|touched|0|0
W-0471|done|high|touched|0|0
W-0472|queued|medium|touched|0|0
W-0473|done|high|touched|0|0
W-0474|done|high|touched|0|0
W-0475|done|high|touched|0|0
W-0476|queued|medium|touched|0|0
W-0477|done|medium|touched|0|0
W-0478|done|medium|touched|0|0
W-0479|done|critical|touched|0|0
W-0480|done|high|touched|0|0
W-0481|queued|low|touched|0|0
W-0482|done|high|touched|0|0
W-0483|blocked|medium|touched|0|0
W-0484|done|medium|touched|0|0
W-0485|done|high|touched|0|0
W-0486|done|high|touched|0|0
W-0487|closed_duplicate|high|touched|0|0
W-0488|queued|medium|touched|0|0
W-0489|done|high|touched|0|0
W-0490|done|high|touched|0|0
W-0491|review|high|touched|0|0
W-0492|review|medium|touched|0|0
W-0493|closed_invalid|low|touched|0|0
W-0494|review|medium|touched|0|0
W-0495|queued|high|touched|0|0
W-0496|open|low|touched|0|0
W-0497|open|low|touched|0|0
W-0498|open|low|touched|0|0
W-0499|open|medium|touched|0|0
W-0500|open|medium|touched|0|0
W-0501|done|high|touched|0|0
W-0502|done|high|touched|0|0
W-0503|queued|low|touched|0|0
W-0504|queued|low|touched|0|0
W-0505|done|low|touched|0|0
W-0506|queued|low|touched|0|0
W-0507|queued|medium|touched|0|0
W-0508|queued|high|touched|0|0
W-0509|done|critical|touched|0|0
W-0510|queued|medium|touched|0|0
W-0511|done|high|touched|0|0
W-0512|done|high|touched|0|0
W-0513|queued|high|touched|0|0
W-0514|queued|high|touched|0|0
W-0515|queued|high|touched|0|0
W-0516|queued|medium|touched|0|0
W-0517|done|high|touched|0|0
W-0518|queued|medium|touched|0|0
W-0519|done|medium|touched|0|0
W-0520|done|high|touched|0|0
W-0521|done|low|touched|0|0
W-0522|in_progress|medium|touched|0|0
W-0523|gated|high|touched|0|0
W-0524|queued|high|touched|0|0
W-0525|queued|medium|none|0|0
W-0526|queued|medium|none|0|0
W-0527|queued|low|touched|0|0
W-0528|gated|high|touched|7|0
W-0529|gated|high|touched|6|0
W-0530|gated|high|touched|4|0
